Entity,Code,Day,retail_and_recreation,grocery_and_pharmacy,residential,transit_stations,parks,workplaces
Sweden,SWE,2020-02-17,-4,-3.333,1.333,-4.333,-10,-4.333
Sweden,SWE,2020-02-18,-3,-2.5,1.25,-4.25,-4.25,-4.5
Sweden,SWE,2020-02-19,-1.8,-1.8,1.2,-4,1.8,-4.6
Sweden,SWE,2020-02-20,-1.333,-1.333,1.167,-4.333,1.333,-4.833
Sweden,SWE,2020-02-21,-0.429,-1.143,1.143,-4,4.286,-5.143
Sweden,SWE,2020-02-22,-0.714,-1.286,1.286,-4.857,2.429,-5.286
Sweden,SWE,2020-02-23,1,-0.286,1,-3.286,10,-4.714
Sweden,SWE,2020-02-24,1.857,0.143,0.857,-2.857,13.857,-4.429
Sweden,SWE,2020-02-25,3,1.429,0.857,-2.714,13.143,-4.286
Sweden,SWE,2020-02-26,3.286,1.571,0.857,-3,10,-4.143
Sweden,SWE,2020-02-27,4.143,2,0.857,-2.429,11.571,-4
Sweden,SWE,2020-02-28,4.429,2.286,0.857,-2.286,10.714,-3.857
Sweden,SWE,2020-02-29,5.571,3,0.714,-1.286,13.286,-3.429
Sweden,SWE,2020-03-01,5.143,2.714,0.857,-2.143,9,-3.571
Sweden,SWE,2020-03-02,5,3,0.857,-2.143,7,-3.286
Sweden,SWE,2020-03-03,3.857,2,0.857,-2.286,6.571,-3
Sweden,SWE,2020-03-04,2.857,1.571,0.857,-2.286,5.714,-2.714
Sweden,SWE,2020-03-05,1.857,1.429,0.857,-2.571,5.429,-2.286
Sweden,SWE,2020-03-06,1.143,1.286,0.857,-2.571,6.571,-1.714
Sweden,SWE,2020-03-07,0.714,1.286,0.857,-2.429,10.571,-1.714
Sweden,SWE,2020-03-08,1,1.286,0.857,-2.429,11.571,-1.571
Sweden,SWE,2020-03-09,0.571,1,0.857,-2.714,11.286,-1.286
Sweden,SWE,2020-03-10,0,0.857,0.857,-3,11,-1
Sweden,SWE,2020-03-11,-0.286,1.571,1,-3.286,12.714,-0.857
Sweden,SWE,2020-03-12,-2,2.714,1.429,-5,9.143,-1.143
Sweden,SWE,2020-03-13,-4.143,3.714,2.143,-7.571,5.143,-2.286
Sweden,SWE,2020-03-14,-7.286,4.429,2.571,-10.286,8.429,-3.143
Sweden,SWE,2020-03-15,-11,4.429,3.143,-13.714,6.286,-4.429
Sweden,SWE,2020-03-16,-13.429,4.857,4.143,-16.571,6.714,-6.857
Sweden,SWE,2020-03-17,-16.286,4.714,5.286,-20.286,6.571,-9.857
Sweden,SWE,2020-03-18,-19.429,3.714,6.571,-24.571,5.286,-13.571
Sweden,SWE,2020-03-19,-20.857,1.857,7.571,-27.286,13.429,-17
Sweden,SWE,2020-03-20,-22.429,0,8.429,-29.857,15.571,-19.571
Sweden,SWE,2020-03-21,-23.714,-2,8.857,-32,16.571,-20.571
Sweden,SWE,2020-03-22,-23.857,-3,8.857,-32.429,26.857,-21.286
Sweden,SWE,2020-03-23,-24.714,-4.571,9.286,-34.286,26.429,-22.714
Sweden,SWE,2020-03-24,-24.857,-5.571,9.571,-35,29.286,-23.714
Sweden,SWE,2020-03-25,-23.857,-5,9.571,-34.857,32.714,-23.857
Sweden,SWE,2020-03-26,-23.286,-5,9.571,-34.857,33.857,-23.857
Sweden,SWE,2020-03-27,-22.571,-5,9.429,-34.571,38.429,-24
Sweden,SWE,2020-03-28,-22.286,-4.857,9.429,-34.714,36.429,-24.286
Sweden,SWE,2020-03-29,-22,-5,9.429,-35.143,34.429,-24.714
Sweden,SWE,2020-03-30,-21.571,-5.286,9.429,-35.286,34.429,-25
Sweden,SWE,2020-03-31,-21.143,-5.286,9.429,-35.286,35.143,-25.143
Sweden,SWE,2020-04-01,-21.571,-6.143,9.429,-35.571,35.429,-25.286
Sweden,SWE,2020-04-02,-22.857,-7,9.714,-36.714,27.714,-25.571
Sweden,SWE,2020-04-03,-23.714,-7.286,10,-37.571,22.429,-25.857
Sweden,SWE,2020-04-04,-24,-7.429,10,-38,23.143,-26
Sweden,SWE,2020-04-05,-24.143,-7.286,10.143,-38.143,26.857,-26
Sweden,SWE,2020-04-06,-22.714,-6.143,10.143,-37.571,38.857,-27
Sweden,SWE,2020-04-07,-21.429,-4.857,10.143,-37.571,44.286,-28
Sweden,SWE,2020-04-08,-19.429,-2.857,10,-37.286,51.429,-29.143
Sweden,SWE,2020-04-09,-16,0.857,9.857,-36.429,63.857,-31.143
Sweden,SWE,2020-04-10,-18.857,-1,11,-38.286,81.429,-38.143
Sweden,SWE,2020-04-11,-21,-2.429,11,-38.857,85.286,-39.286
Sweden,SWE,2020-04-12,-22.286,-3.571,11,-39.714,83.143,-40.143
Sweden,SWE,2020-04-13,-26,-6.143,12.714,-43.429,76.143,-46.714
Sweden,SWE,2020-04-14,-26.857,-7.286,12.714,-43.571,71.429,-46
Sweden,SWE,2020-04-15,-28.429,-9.286,12.857,-43.429,69.429,-45.143
Sweden,SWE,2020-04-16,-30.714,-12.286,12.714,-43.429,65,-43.286
Sweden,SWE,2020-04-17,-26.857,-9.857,11.286,-40.857,54.571,-36.429
Sweden,SWE,2020-04-18,-24.571,-8.429,11.143,-39.429,54.429,-34.714
Sweden,SWE,2020-04-19,-22.857,-7.429,10.857,-37.714,61.571,-33.143
Sweden,SWE,2020-04-20,-19.143,-5.143,8.857,-33.571,66.571,-25.286
Sweden,SWE,2020-04-21,-18.286,-4.857,8.429,-32.286,80.429,-24.571
Sweden,SWE,2020-04-22,-17.429,-4.714,8,-31.571,89.143,-23.714
Sweden,SWE,2020-04-23,-16.571,-4.571,7.714,-30.714,97,-23
Sweden,SWE,2020-04-24,-15.857,-4.286,7.571,-30.429,96.143,-22.286
Sweden,SWE,2020-04-25,-14.571,-3.714,7.571,-30.143,94.714,-22
Sweden,SWE,2020-04-26,-13.286,-3,7.571,-30.143,91.571,-21.714
Sweden,SWE,2020-04-27,-13.429,-3.143,7.714,-30.714,82.857,-21.714
Sweden,SWE,2020-04-28,-13.857,-3.143,7.714,-31.714,67.714,-21.714
Sweden,SWE,2020-04-29,-13.857,-2.286,7.857,-32.286,55,-21.714
Sweden,SWE,2020-04-30,-13.286,0,7.857,-32.857,46.286,-22.714
Sweden,SWE,2020-05-01,-18,-3.286,9.714,-36.571,44.143,-30.143
Sweden,SWE,2020-05-02,-18.571,-3.857,9.714,-37,45.286,-30.429
Sweden,SWE,2020-05-03,-19.286,-4.286,9.571,-36.857,47,-30.286
Sweden,SWE,2020-05-04,-19.429,-4.143,9.429,-36.857,49,-30.143
Sweden,SWE,2020-05-05,-19.143,-4,9.571,-36.429,56,-29.857
Sweden,SWE,2020-05-06,-19.286,-4.571,9.571,-36,63.143,-29.714
Sweden,SWE,2020-05-07,-19.857,-6.571,9.429,-35.429,69.143,-28.429
Sweden,SWE,2020-05-08,-15.286,-3.286,7.286,-31.286,76.143,-20.714
Sweden,SWE,2020-05-09,-14.714,-2.714,6.857,-29.857,85.429,-19.714
Sweden,SWE,2020-05-10,-15,-2.429,7.143,-31.143,76.857,-19.857
Sweden,SWE,2020-05-11,-14.857,-2.143,7.143,-30.857,78.857,-19.714
Sweden,SWE,2020-05-12,-15.429,-2.143,7.143,-31,73.286,-19.714
Sweden,SWE,2020-05-13,-16,-2.286,7.143,-31.429,68,-19.571
Sweden,SWE,2020-05-14,-16.429,-2.429,7.143,-31.857,62.714,-19.571
Sweden,SWE,2020-05-15,-16.857,-2.857,7.286,-32.143,57.429,-19.714
Sweden,SWE,2020-05-16,-17.286,-3.143,7.571,-33.429,44.571,-20
Sweden,SWE,2020-05-17,-17.286,-3.286,7.571,-32.857,46.571,-19.286
Sweden,SWE,2020-05-18,-17,-3.429,7.429,-32.571,48.857,-19.143
Sweden,SWE,2020-05-19,-15.857,-2.857,7.286,-32,54.857,-19
Sweden,SWE,2020-05-20,-12.571,0,6.714,-30.429,67.571,-19.286
Sweden,SWE,2020-05-21,-13.286,0.143,8,-31.571,98.857,-26.714
Sweden,SWE,2020-05-22,-12.286,0.143,8.429,-31.857,118.429,-31.143
Sweden,SWE,2020-05-23,-12.286,0.143,8.429,-32.429,119.143,-31.143
Sweden,SWE,2020-05-24,-11.571,0.143,8,-31.714,121.286,-31
Sweden,SWE,2020-05-25,-10,1.286,7.857,-31.143,126.143,-31.143
Sweden,SWE,2020-05-26,-8.714,1.571,7.571,-30.286,138.714,-30.857
Sweden,SWE,2020-05-27,-9.714,-0.143,7.857,-31,131.429,-30.286
Sweden,SWE,2020-05-28,-6.714,0.714,6.429,-28.714,108.857,-22.429
Sweden,SWE,2020-05-29,-5.571,1.571,5.429,-27,103.143,-17.571
Sweden,SWE,2020-05-30,-3.714,2.857,4.857,-23.714,121,-15.714
Sweden,SWE,2020-05-31,-1.286,5.429,4.286,-21.143,140.857,-13.714
Sweden,SWE,2020-06-01,-1.143,5.429,4,-20.286,154.571,-13.429
Sweden,SWE,2020-06-02,-1.286,5.571,3.857,-20.143,157.286,-13.429
Sweden,SWE,2020-06-03,-1.143,5.429,3.714,-19.429,166.429,-13.429
Sweden,SWE,2020-06-04,-1.429,5.286,3.571,-19.286,167.286,-13.571
Sweden,SWE,2020-06-05,-2.143,5,3.857,-20,157.429,-14
Sweden,SWE,2020-06-06,-4,3.857,4.429,-22.714,138.429,-15.714
Sweden,SWE,2020-06-07,-5,2.286,4.857,-24,126.571,-16.571
Sweden,SWE,2020-06-08,-4.857,2.143,5,-24.286,117.143,-16.571
Sweden,SWE,2020-06-09,-4.143,2.286,5,-24,116.429,-16.714
Sweden,SWE,2020-06-10,-3.429,2.571,4.857,-23.714,120.857,-17
Sweden,SWE,2020-06-11,-2.429,3.143,4.714,-23.429,128,-17.429
Sweden,SWE,2020-06-12,-1.857,3.143,4.429,-22.714,142.143,-17.857
Sweden,SWE,2020-06-13,-0.429,3.857,3.714,-19.571,167.714,-15.857
Sweden,SWE,2020-06-14,-0.143,4.571,3.143,-18.143,185.857,-15.143
Sweden,SWE,2020-06-15,0.429,5.143,3,-18,195.571,-16.143
Sweden,SWE,2020-06-16,0.143,5.571,3.143,-18.714,190.286,-17.286
Sweden,SWE,2020-06-17,0.429,7.286,3.143,-19,186.429,-18.286
Sweden,SWE,2020-06-18,1.857,11.571,2.857,-18.429,196.571,-19.857
Sweden,SWE,2020-06-19,-5.857,7.857,3.571,-21.143,212.429,-27
Sweden,SWE,2020-06-20,-11.143,4.429,3.714,-23.714,211.714,-30.571
Sweden,SWE,2020-06-21,-11.286,3.857,3.714,-24.857,200.714,-31.429
Sweden,SWE,2020-06-22,-11.143,4,4,-25.429,195.143,-32.571
Sweden,SWE,2020-06-23,-10.714,3.714,3.857,-24.714,213.857,-33.429
Sweden,SWE,2020-06-24,-11.429,2.143,3.714,-24.429,236.857,-34.143
Sweden,SWE,2020-06-25,-12.714,-1.571,3.857,-24.571,246.571,-34.143
Sweden,SWE,2020-06-26,-4.714,2.429,2.857,-21.429,249,-28.286
Sweden,SWE,2020-06-27,0.714,5.714,2.286,-18.143,262.429,-25.714
Sweden,SWE,2020-06-28,1.286,6.143,2.429,-17.571,264.571,-25.286
Sweden,SWE,2020-06-29,2,6,2.429,-17.429,268.286,-25.571
Sweden,SWE,2020-06-30,2.429,6,2.857,-18.714,247,-26.143
Sweden,SWE,2020-07-01,3.429,5.857,3.286,-19.571,225.429,-26.857
Sweden,SWE,2020-07-02,3.571,5,3.714,-20.429,206.857,-27.429
Sweden,SWE,2020-07-03,3.571,4.286,4.286,-21.286,187.143,-27.857
Sweden,SWE,2020-07-04,3.429,3.714,5.143,-23.857,155,-28.571
Sweden,SWE,2020-07-05,2.286,2.714,5.714,-25.714,139.857,-29.857
Sweden,SWE,2020-07-06,2,2.714,6.286,-26.714,133,-31.714
Sweden,SWE,2020-07-07,2.286,2.857,6.429,-26.571,146.857,-33.429
Sweden,SWE,2020-07-08,2,2.857,6.714,-27,153.286,-35.143
Sweden,SWE,2020-07-09,1.857,2.714,6.857,-27.143,165.571,-36.857
Sweden,SWE,2020-07-10,1.286,2.571,7.143,-27.714,169.143,-38.571
Sweden,SWE,2020-07-11,1.429,2.571,6.857,-26.429,184,-38.143
Sweden,SWE,2020-07-12,2.429,3,6.429,-24.429,202,-37.571
Sweden,SWE,2020-07-13,3,3.286,6.286,-23.857,222.429,-38.571
Sweden,SWE,2020-07-14,2.714,3.143,6.571,-24.286,228.714,-39.857
Sweden,SWE,2020-07-15,3,3.286,6.714,-24.571,234.857,-40.857
Sweden,SWE,2020-07-16,2.714,3.286,6.857,-24.571,247.286,-41.857
Sweden,SWE,2020-07-17,2.286,3.143,6.429,-23.857,273,-42.714
Sweden,SWE,2020-07-18,1.857,2.857,6,-22.714,291,-42.714
Sweden,SWE,2020-07-19,1.857,3,5.571,-22,302.714,-42.714
Sweden,SWE,2020-07-20,2,3.714,5.571,-22.286,300.143,-43
Sweden,SWE,2020-07-21,2.571,4.143,5.429,-22,306.571,-43.143
Sweden,SWE,2020-07-22,2.714,4.143,5.286,-21.429,319.429,-43.286
Sweden,SWE,2020-07-23,3,4.143,5.429,-21.857,312.857,-43.571
Sweden,SWE,2020-07-24,4.286,4.714,6,-22.857,289.714,-43.714
Sweden,SWE,2020-07-25,5.286,4.857,6,-22.714,285.857,-43.714
Sweden,SWE,2020-07-26,6,4.857,6.286,-23.429,272.429,-43.857
Sweden,SWE,2020-07-27,6.714,4.571,6.143,-22.857,279.143,-43.714
Sweden,SWE,2020-07-28,7,4.429,6.286,-23.143,268.714,-43.571
Sweden,SWE,2020-07-29,7.286,4.429,6.571,-23.714,250.714,-43.571
Sweden,SWE,2020-07-30,7.714,4.571,6.571,-24.143,238.571,-43.571
Sweden,SWE,2020-07-31,7,3.857,6.143,-23.429,255,-43.429
Sweden,SWE,2020-08-01,6.143,3.429,5.857,-23,265.714,-43.429
Sweden,SWE,2020-08-02,5.714,3.429,5.714,-22.714,266.571,-43.143
Sweden,SWE,2020-08-03,4.571,2.714,5.429,-22.714,258.286,-41.571
Sweden,SWE,2020-08-04,4,2.286,4.857,-21.714,267.714,-40
Sweden,SWE,2020-08-05,3.429,2,4.429,-21.429,266.143,-38.571
Sweden,SWE,2020-08-06,2.571,1.714,4,-20.429,278.143,-37
Sweden,SWE,2020-08-07,1.857,1.857,3.571,-20,283.571,-35.714
Sweden,SWE,2020-08-08,1.143,2,3.571,-20.286,284.429,-35.714
Sweden,SWE,2020-08-09,0.429,2,3.143,-19.571,299.571,-35.429
Sweden,SWE,2020-08-10,-0.571,1.714,2.857,-19.286,299,-34
Sweden,SWE,2020-08-11,-1.571,1.286,2.571,-19.143,295.857,-32.429
Sweden,SWE,2020-08-12,-2.286,0.857,2.143,-18.286,304.571,-30.714
Sweden,SWE,2020-08-13,-2.714,0.714,1.857,-18,297.143,-29
Sweden,SWE,2020-08-14,-2.429,0.857,1.714,-18,284.714,-27.429
Sweden,SWE,2020-08-15,-2.286,1,1.714,-18.143,279.286,-27.143
Sweden,SWE,2020-08-16,-2.714,0.857,1.857,-18.286,277.571,-27
Sweden,SWE,2020-08-17,-3.571,0.286,1.714,-18.143,273.286,-26.143
Sweden,SWE,2020-08-18,-4.143,0.143,1.571,-17.714,266.143,-25
Sweden,SWE,2020-08-19,-4.857,0,1.429,-17.429,253,-23.857
Sweden,SWE,2020-08-20,-5.143,-0.143,1.286,-17.286,237.429,-22.714
Sweden,SWE,2020-08-21,-5.143,0,1.429,-17,217.429,-21.429
Sweden,SWE,2020-08-22,-4.286,0.143,2.143,-18.714,190.286,-21.286
Sweden,SWE,2020-08-23,-4,-0.286,2.714,-20.286,164.286,-21.429
Sweden,SWE,2020-08-24,-4.286,-1,2.714,-20.286,149.143,-20.571
Sweden,SWE,2020-08-25,-3.429,-0.571,2.571,-20.143,136.286,-20.143
Sweden,SWE,2020-08-26,-3,-0.571,2.571,-20.286,125.429,-19.714
Sweden,SWE,2020-08-27,-2.429,-0.429,2.571,-20.143,120.571,-19.286
Sweden,SWE,2020-08-28,-1.714,-0.429,2.429,-20,116.857,-19
Sweden,SWE,2020-08-29,-1.286,-0.429,2.429,-20.571,107.571,-19.286
Sweden,SWE,2020-08-30,-0.571,-0.286,2.429,-20.286,107.571,-19.143
Sweden,SWE,2020-08-31,-0.429,-0.143,2.429,-20.286,105.571,-19.143
Sweden,SWE,2020-09-01,-1.429,-1,2.571,-20.286,105.429,-19.143
Sweden,SWE,2020-09-02,-2.143,-1.429,2.571,-20.429,106.143,-19.143
Sweden,SWE,2020-09-03,-3.286,-2,2.714,-20.857,103.143,-19.286
Sweden,SWE,2020-09-04,-3.857,-2,2.857,-21.143,101.143,-19.429
Sweden,SWE,2020-09-05,-3.857,-2,2.857,-20.714,104.857,-19.429
Sweden,SWE,2020-09-06,-4.714,-2.286,3,-21.143,103.286,-19.857
Sweden,SWE,2020-09-07,-5.143,-2.286,3,-21.143,104.286,-19.857
Sweden,SWE,2020-09-08,-5.857,-2.429,3.143,-21.857,96.857,-20
Sweden,SWE,2020-09-09,-6.571,-2.714,3.286,-22.429,90.571,-20
Sweden,SWE,2020-09-10,-6.429,-2.857,3.143,-22.143,92.429,-19.857
Sweden,SWE,2020-09-11,-6.571,-3,3,-22,93.571,-19.571
Sweden,SWE,2020-09-12,-7.286,-3.286,3,-22.714,88.143,-20
Sweden,SWE,2020-09-13,-7.571,-3.429,2.857,-22.857,86,-20.143
Sweden,SWE,2020-09-14,-7.857,-3.571,2.714,-22.714,85.714,-19.286
Sweden,SWE,2020-09-15,-7.714,-3.714,2.429,-22,92.429,-18.286
Sweden,SWE,2020-09-16,-7.571,-3.857,2.286,-21.429,96.429,-17.571
Sweden,SWE,2020-09-17,-7.857,-4.143,2.143,-21.571,95.286,-17
Sweden,SWE,2020-09-18,-7.429,-3.857,2,-21.286,96.571,-16.429
Sweden,SWE,2020-09-19,-6.571,-3.571,1.714,-19.857,107.571,-15.714
Sweden,SWE,2020-09-20,-6.429,-3.429,1.714,-19.571,110,-15.429
Sweden,SWE,2020-09-21,-6.429,-3.571,1.857,-19.714,106.429,-15.571
Sweden,SWE,2020-09-22,-6.429,-3.429,2,-20.143,101.571,-15.429
Sweden,SWE,2020-09-23,-6.286,-3.286,2,-20.286,103.143,-15.143
Sweden,SWE,2020-09-24,-6.429,-3.143,2.143,-20.571,99.429,-14.714
Sweden,SWE,2020-09-25,-5.857,-2.857,2.286,-21.143,92.429,-14.571
Sweden,SWE,2020-09-26,-5.286,-2.429,2.571,-22.429,79.714,-14.571
Sweden,SWE,2020-09-27,-4.286,-2,2.714,-22.571,78.571,-14.286
Sweden,SWE,2020-09-28,-4.143,-1.857,2.857,-22.857,75.143,-13.714
Sweden,SWE,2020-09-29,-4,-1.714,2.857,-23.143,70.429,-13.429
Sweden,SWE,2020-09-30,-3.571,-1.286,2.857,-23.143,66.857,-13.286
Sweden,SWE,2020-10-01,-3.286,-0.857,2.857,-23.286,64.143,-13
Sweden,SWE,2020-10-02,-4,-1.143,2.857,-23.286,64.286,-12.714
Sweden,SWE,2020-10-03,-4.714,-1.429,2.857,-23.286,65.286,-13
Sweden,SWE,2020-10-04,-6.286,-1.857,3.143,-24.571,54.571,-14
Sweden,SWE,2020-10-05,-6.571,-1.857,3,-24.429,57.143,-14
Sweden,SWE,2020-10-06,-7.429,-2.286,3.143,-24.857,51.286,-14.143
Sweden,SWE,2020-10-07,-8,-2.571,3.143,-25.143,47,-14
Sweden,SWE,2020-10-08,-8.571,-2.857,3.286,-25.286,45.714,-14
Sweden,SWE,2020-10-09,-9,-3,3.429,-25.571,43.857,-13.857
Sweden,SWE,2020-10-10,-9.571,-3.286,3.714,-26.143,40,-14
Sweden,SWE,2020-10-11,-9.429,-3.429,3.571,-25.429,46.429,-13.571
Sweden,SWE,2020-10-12,-10,-3.714,3.714,-25.714,44.143,-13.714
Sweden,SWE,2020-10-13,-9.857,-3.571,3.714,-25.429,49.857,-13.571
Sweden,SWE,2020-10-14,-10.143,-3.571,3.857,-25.714,49.143,-13.571
Sweden,SWE,2020-10-15,-10.143,-3.571,3.857,-25.714,49.857,-13.714
Sweden,SWE,2020-10-16,-10.429,-3.714,4,-25.857,48.429,-13.714
Sweden,SWE,2020-10-17,-10.286,-3.714,3.857,-25.571,53.286,-13.571
Sweden,SWE,2020-10-18,-10.571,-4,4,-26.143,51.571,-13.714
Sweden,SWE,2020-10-19,-10.143,-3.714,4,-26.286,48,-13.429
Sweden,SWE,2020-10-20,-10.143,-3.571,4.143,-26.857,40.714,-13.429
Sweden,SWE,2020-10-21,-10.143,-3.429,4.286,-26.857,37.714,-13.286
Sweden,SWE,2020-10-22,-10.143,-3.286,4.429,-27.143,33.143,-13.143
Sweden,SWE,2020-10-23,-9.286,-2.714,4.429,-27,31.714,-13.143
Sweden,SWE,2020-10-24,-8.857,-2.143,4.571,-27.286,25.857,-13.286
Sweden,SWE,2020-10-25,-8,-1.286,4.571,-27.286,22,-13.429
Sweden,SWE,2020-10-26,-6.714,-0.857,4.857,-27.857,22.571,-15.286
Sweden,SWE,2020-10-27,-5,0,5,-28,26.857,-17
Sweden,SWE,2020-10-28,-3.714,0.429,5.143,-28.714,29.429,-19
Sweden,SWE,2020-10-29,-2.429,1,5.286,-29.286,34.429,-21.429
Sweden,SWE,2020-10-30,-3.143,0.714,5.857,-30.714,35.857,-24.429
Sweden,SWE,2020-10-31,-5.429,-0.143,5.857,-31.143,37.714,-25.429
Sweden,SWE,2020-11-01,-7.286,-1.429,5.857,-32,36.286,-26.143
Sweden,SWE,2020-11-02,-10,-2.714,6,-32.571,31.714,-24.857
Sweden,SWE,2020-11-03,-12.429,-3.571,6,-32.857,29.714,-23.571
Sweden,SWE,2020-11-04,-15,-4.571,6.143,-33.143,27.429,-22.143
Sweden,SWE,2020-11-05,-17.571,-5.571,6.429,-33.571,22.857,-20.286
Sweden,SWE,2020-11-06,-18.857,-6,6.286,-33.571,22.286,-17.857
Sweden,SWE,2020-11-07,-18.714,-5.571,6.714,-35.143,20.143,-17.429
Sweden,SWE,2020-11-08,-18.571,-4.714,6.857,-35.286,26.143,-17.143
Sweden,SWE,2020-11-09,-18.714,-4.714,7,-35.571,28.571,-17.429
Sweden,SWE,2020-11-10,-19.286,-5.143,7.286,-36.143,27.286,-17.714
Sweden,SWE,2020-11-11,-19.571,-5.143,7.571,-36.429,26.571,-18.143
Sweden,SWE,2020-11-12,-20.143,-5.286,7.714,-36.857,25.857,-18.571
Sweden,SWE,2020-11-13,-21,-5.571,8.143,-37.429,21.429,-19
Sweden,SWE,2020-11-14,-21.857,-6.143,8.286,-37.714,21.429,-19.429
Sweden,SWE,2020-11-15,-23,-7.286,8.571,-38.571,17.571,-20.143
Sweden,SWE,2020-11-16,-23.571,-7.429,8.714,-38.857,16.286,-20.429
Sweden,SWE,2020-11-17,-24.429,-7.857,8.857,-39.286,15,-20.714
Sweden,SWE,2020-11-18,-24.857,-7.857,8.857,-39.571,14.714,-20.857
Sweden,SWE,2020-11-19,-25.286,-8.143,9,-40,12.143,-21.143
Sweden,SWE,2020-11-20,-25,-7.857,9,-40.143,13.429,-21.286
Sweden,SWE,2020-11-21,-25.857,-8.429,9.286,-41.714,4.714,-21.857
Sweden,SWE,2020-11-22,-25.571,-8.286,9.429,-42,5.286,-21.857
Sweden,SWE,2020-11-23,-25,-8.143,9.429,-42.143,6,-22
Sweden,SWE,2020-11-24,-24.429,-8,9.571,-42.429,4.143,-22.143
Sweden,SWE,2020-11-25,-23,-7.143,9.571,-42.571,3.429,-22.286
Sweden,SWE,2020-11-26,-21.286,-6.143,9.429,-42.143,6,-22.143
Sweden,SWE,2020-11-27,-19.857,-6,9.286,-41.857,4.714,-22.143
Sweden,SWE,2020-11-28,-17.857,-4.714,9,-40.571,9.714,-21.429
Sweden,SWE,2020-11-29,-16.857,-3.857,9,-40.571,5.857,-21.286
Sweden,SWE,2020-11-30,-16.143,-3.286,9,-40.571,4,-21.286
Sweden,SWE,2020-12-01,-15.429,-2.429,8.857,-40.143,5.714,-21.143
Sweden,SWE,2020-12-02,-16,-2.714,8.857,-40.143,5.857,-21
Sweden,SWE,2020-12-03,-17,-3.143,9,-40.429,4,-21
Sweden,SWE,2020-12-04,-18.571,-3.429,9.143,-41,1.571,-21
Sweden,SWE,2020-12-05,-19.286,-3.714,9.143,-41,2.714,-21.143
Sweden,SWE,2020-12-06,-20.286,-4.286,9.143,-41.143,3.857,-21.429
Sweden,SWE,2020-12-07,-20.857,-4.429,9.143,-41.429,4.143,-21.714
Sweden,SWE,2020-12-08,-21.429,-4.857,9.286,-42.143,2.857,-21.857
Sweden,SWE,2020-12-09,-21.714,-5.143,9.429,-42.571,1.857,-22.143
Sweden,SWE,2020-12-10,-21.714,-5.143,9.429,-42.714,2.429,-22.429
Sweden,SWE,2020-12-11,-21.857,-5.429,9.571,-42.857,2.571,-22.714
Sweden,SWE,2020-12-12,-22.286,-5.571,9.714,-42.857,1.143,-22.857
Sweden,SWE,2020-12-13,-22.571,-5.571,9.714,-42.714,1,-22.857
Sweden,SWE,2020-12-14,-22.714,-5.714,9.857,-42.714,0.571,-23
Sweden,SWE,2020-12-15,-22.571,-5.571,9.857,-42.571,0,-23.429
Sweden,SWE,2020-12-16,-22.286,-5.143,9.857,-42.286,1.714,-23.714
Sweden,SWE,2020-12-17,-22.143,-5.143,10,-42.429,0,-24
Sweden,SWE,2020-12-18,-21.143,-4.429,10,-42.143,1,-24.286
Sweden,SWE,2020-12-19,-20.857,-4,9.857,-41.714,2.571,-24.286
Sweden,SWE,2020-12-20,-20.429,-3.429,9.857,-41.714,2.286,-24.143
Sweden,SWE,2020-12-21,-18,-0.857,10.143,-42,4,-26.286
Sweden,SWE,2020-12-22,-15.714,2.143,10.429,-42.429,3.857,-28.857
Sweden,SWE,2020-12-23,-13.286,6.286,10.857,-43,5.857,-33.143
Sweden,SWE,2020-12-24,-20.714,0,12.143,-46.143,9.714,-41
Sweden,SWE,2020-12-25,-28.429,-7,13.857,-50.143,14.714,-48.714
Sweden,SWE,2020-12-26,-31.429,-10.571,14,-52,13.714,-50.714
Sweden,SWE,2020-12-27,-32.857,-12.857,14.143,-53.286,9.143,-51.571
Sweden,SWE,2020-12-28,-34.286,-14.571,14.857,-54.429,8.429,-54.143
Sweden,SWE,2020-12-29,-35.714,-16.286,15.571,-55.429,10.429,-56.286
Sweden,SWE,2020-12-30,-37.286,-17.429,16.143,-56.286,8.143,-56.857
Sweden,SWE,2020-12-31,-34.429,-12.571,16.286,-55.571,13.857,-56.429
Sweden,SWE,2021-01-01,-34.857,-13.429,16.571,-55.571,11.143,-56.429
Sweden,SWE,2021-01-02,-33.714,-12,16.571,-55.286,12,-55.286
Sweden,SWE,2021-01-03,-33.857,-11.571,16.429,-54.571,19.571,-54.571
Sweden,SWE,2021-01-04,-34.857,-11.857,16.143,-54.429,20.286,-53
Sweden,SWE,2021-01-05,-36.143,-12.857,15.857,-54.286,21.143,-51.714
Sweden,SWE,2021-01-06,-41,-19,16.857,-56.143,22.714,-54
Sweden,SWE,2021-01-07,-37.857,-18.714,16,-54.857,14.714,-48.714
Sweden,SWE,2021-01-08,-32.286,-12.571,14.571,-52.429,11.714,-42.857
Sweden,SWE,2021-01-09,-32.143,-12.143,14.571,-52.143,13,-42.286
Sweden,SWE,2021-01-10,-32.857,-12.429,14.714,-52.429,9.429,-42.286
Sweden,SWE,2021-01-11,-34.714,-14,14.286,-52,5.571,-39.714
Sweden,SWE,2021-01-12,-36,-15.429,13.857,-51.143,4.857,-36.857
Sweden,SWE,2021-01-13,-34.286,-14.143,12.143,-48.714,0.286,-30.286
Sweden,SWE,2021-01-14,-34.714,-14.571,11.714,-48.286,-0.714,-28.571
Sweden,SWE,2021-01-15,-34.571,-14.571,11.143,-47.714,-1,-27
Sweden,SWE,2021-01-16,-34.571,-14.571,11.143,-47.571,-0.429,-27
Sweden,SWE,2021-01-17,-34.286,-14.429,11,-47.571,1.286,-27.143
Sweden,SWE,2021-01-18,-34,-14.429,10.857,-47.429,2.857,-27
Sweden,SWE,2021-01-19,-33.857,-14.571,10.714,-47.714,0.571,-26.857
Sweden,SWE,2021-01-20,-33.571,-14.429,10.571,-47.857,-0.857,-26.714
Sweden,SWE,2021-01-21,-33.429,-14.286,10.429,-47.857,-1.429,-26.714
Sweden,SWE,2021-01-22,-33.286,-14.286,10.571,-47.857,-3.571,-26.714
Sweden,SWE,2021-01-23,-32.286,-13.857,10.429,-47.429,-4.143,-26.286
Sweden,SWE,2021-01-24,-31.429,-13.571,10.429,-47.143,-4.429,-25.857
Sweden,SWE,2021-01-25,-30.714,-13.143,10.286,-46.857,-4.714,-25.714
Sweden,SWE,2021-01-26,-29.714,-12.571,10,-46.429,-2.571,-25.429
Sweden,SWE,2021-01-27,-28.571,-12,9.857,-46,0,-25.143
Sweden,SWE,2021-01-28,-28,-11.714,9.714,-45.429,1.143,-24.857
Sweden,SWE,2021-01-29,-27.143,-11.286,9.571,-44.857,3.714,-24.571
Sweden,SWE,2021-01-30,-26.714,-11.143,9.571,-44.857,3.857,-24.571
Sweden,SWE,2021-01-31,-26.143,-10.857,9.429,-44.429,7.857,-24.429
Sweden,SWE,2021-02-01,-26.143,-11.143,9.429,-44.286,9.143,-24.286
Sweden,SWE,2021-02-02,-26.714,-11.571,9.571,-44.143,8.286,-24.286
Sweden,SWE,2021-02-03,-27,-11.857,9.571,-44,8.429,-24.143
Sweden,SWE,2021-02-04,-26.857,-11.714,9.571,-44,8.714,-24
Sweden,SWE,2021-02-05,-26.857,-11.571,9.429,-43.857,9.571,-23.857
Sweden,SWE,2021-02-06,-27.143,-11.429,9.286,-43.714,11.714,-23.714
Sweden,SWE,2021-02-07,-27.571,-11.429,9.286,-44,9.571,-23.714
Sweden,SWE,2021-02-08,-27.857,-11.429,9.286,-44,8.571,-23.571
Sweden,SWE,2021-02-09,-27.714,-11.143,9.286,-44,7.714,-23.429
Sweden,SWE,2021-02-10,-28,-11.143,9.286,-44,7.286,-23.429
Sweden,SWE,2021-02-11,-27.857,-10.857,9.286,-43.857,7.429,-23.286
Sweden,SWE,2021-02-12,-27.714,-10.429,9.286,-43.857,8.429,-23.143
Sweden,SWE,2021-02-13,-27.286,-9.714,9.286,-43.571,12,-23
Sweden,SWE,2021-02-14,-26,-8.143,9.143,-42.714,18,-22.429
Sweden,SWE,2021-02-15,-25.857,-7.857,9.143,-42.571,20.714,-22.571
Sweden,SWE,2021-02-16,-25.571,-7,9.143,-42.429,22.286,-22.571
Sweden,SWE,2021-02-17,-25.857,-7.143,9.286,-42.429,22.143,-22.714
Sweden,SWE,2021-02-18,-26,-6.857,9.286,-42.571,21.857,-22.857
Sweden,SWE,2021-02-19,-25.857,-6.571,9.286,-42.571,20.286,-23
Sweden,SWE,2021-02-20,-26,-6.857,9.429,-43,11.857,-23
Sweden,SWE,2021-02-21,-26.571,-7.857,9.571,-43.286,6.286,-23.286
Sweden,SWE,2021-02-22,-25.857,-7.286,9.571,-43.143,7.571,-23.429
Sweden,SWE,2021-02-23,-25.571,-7.714,9.571,-43.286,8.571,-23.714
Sweden,SWE,2021-02-24,-24.286,-6.857,9.429,-43,11.857,-23.857
Sweden,SWE,2021-02-25,-22.714,-6,9.429,-42.571,15.286,-24.143
Sweden,SWE,2021-02-26,-21.286,-5.571,9.286,-41.714,21.571,-24.571
Sweden,SWE,2021-02-27,-20.286,-5.143,9,-40.429,28.857,-24
Sweden,SWE,2021-02-28,-19,-4.429,8.714,-39.143,35.714,-23.429
Sweden,SWE,2021-03-01,-18.429,-4.143,8.571,-38.857,36.857,-23.429
Sweden,SWE,2021-03-02,-17.857,-3.857,8.429,-38.286,41.429,-23.429
Sweden,SWE,2021-03-03,-17.714,-3.714,8.286,-38,42.714,-23.571
Sweden,SWE,2021-03-04,-18.429,-4.286,8.286,-38.143,43,-23.571
Sweden,SWE,2021-03-05,-19.429,-4.714,8.429,-38.571,41.429,-23.571
Sweden,SWE,2021-03-06,-20.286,-5.143,8.571,-39.429,36.571,-23.857
Sweden,SWE,2021-03-07,-21.714,-5.857,8.857,-40.714,27.571,-24.286
Sweden,SWE,2021-03-08,-22,-5.857,8.857,-40.571,27.714,-24.286
Sweden,SWE,2021-03-09,-22.714,-6.143,9,-40.857,23.143,-24.286
Sweden,SWE,2021-03-10,-23.286,-6.143,9.143,-41,20.429,-24
Sweden,SWE,2021-03-11,-24.857,-7.429,9.429,-41.429,14,-24
Sweden,SWE,2021-03-12,-25.429,-7.429,9.571,-41.857,9.714,-23.857
Sweden,SWE,2021-03-13,-25.429,-7.143,9.571,-42,8.857,-23.714
Sweden,SWE,2021-03-14,-25.143,-7.143,9.571,-42,11.143,-23.571
Sweden,SWE,2021-03-15,-25.429,-7.429,9.571,-42.286,8.714,-23.143
Sweden,SWE,2021-03-16,-25,-7.143,9.286,-41.857,13.429,-22.571
Sweden,SWE,2021-03-17,-24.429,-7.143,9.143,-41.571,17.286,-22.143
Sweden,SWE,2021-03-18,-22.857,-5.571,8.714,-40.857,23.429,-21.429
Sweden,SWE,2021-03-19,-21.857,-5.143,8.429,-40.286,26.857,-20.714
Sweden,SWE,2021-03-20,-21.429,-5,8.429,-40,28.714,-20.429
Sweden,SWE,2021-03-21,-20.857,-4.429,8.286,-39.571,31.286,-20
Sweden,SWE,2021-03-22,-20.429,-4.143,8.143,-39.286,34.286,-19.857
Sweden,SWE,2021-03-23,-19.857,-4,8.143,-39,36.571,-19.714
Sweden,SWE,2021-03-24,-19.571,-3.571,8.143,-39,35.714,-19.714
Sweden,SWE,2021-03-25,-18.286,-2.429,8,-38.571,38.286,-19.714
Sweden,SWE,2021-03-26,-17.429,-2.143,7.857,-38.143,40.857,-19.714
Sweden,SWE,2021-03-27,-16.429,-1.571,7.714,-37.571,41,-19.571
Sweden,SWE,2021-03-28,-16.429,-1.714,7.857,-38.143,34.571,-19.857
Sweden,SWE,2021-03-29,-15.714,-1,8,-38.286,31.571,-20.286
Sweden,SWE,2021-03-30,-14.429,0.429,7.857,-38,33.571,-20.714
Sweden,SWE,2021-03-31,-12.857,2.429,7.571,-37.571,36.143,-21.143
Sweden,SWE,2021-04-01,-11.143,4.429,7.429,-37,42.571,-22.429
Sweden,SWE,2021-04-02,-15.143,2,8.857,-39.714,51.571,-29.571
Sweden,SWE,2021-04-03,-18,0.143,8.571,-40.143,61.286,-30.857
Sweden,SWE,2021-04-04,-18.714,-0.571,8,-39.286,74.143,-31.429
Sweden,SWE,2021-04-05,-21.714,-2.857,9.429,-42.143,77,-38.429
Sweden,SWE,2021-04-06,-22.571,-3.857,9.571,-42.857,73.286,-39.286
Sweden,SWE,2021-04-07,-23.571,-5.571,9.857,-43.286,74.286,-40
Sweden,SWE,2021-04-08,-25.286,-8.286,10.143,-44.143,70.143,-39.857
Sweden,SWE,2021-04-09,-22.286,-6.429,9.143,-42.429,56.286,-34
Sweden,SWE,2021-04-10,-19.714,-5,9.286,-41.571,53.714,-32.714
Sweden,SWE,2021-04-11,-19.286,-4.429,9.857,-42.286,42.286,-32.286
Sweden,SWE,2021-04-12,-17,-2.571,8.429,-39.143,40.286,-24.714
Sweden,SWE,2021-04-13,-17.714,-2.714,8.429,-38.714,37.857,-23.429
Sweden,SWE,2021-04-14,-18,-2.857,8.286,-38.143,38.571,-22.143
Sweden,SWE,2021-04-15,-18.429,-2.857,8.143,-37.571,39.857,-20.714
Sweden,SWE,2021-04-16,-18,-2.571,7.571,-36.429,49.571,-19.143
Sweden,SWE,2021-04-17,-18.286,-2.571,7.571,-36.286,54.429,-18.857
Sweden,SWE,2021-04-18,-17.143,-1.714,7.143,-34.714,71.429,-18
Sweden,SWE,2021-04-19,-15.714,-1,6.714,-33.857,83.571,-17.714
Sweden,SWE,2021-04-20,-14.286,-0.143,6.429,-33,96.286,-17.429
Sweden,SWE,2021-04-21,-13.857,0.286,6.429,-33,95.286,-17.286
Sweden,SWE,2021-04-22,-14.429,0,6.571,-33.571,87.857,-17.286
Sweden,SWE,2021-04-23,-13.714,0.714,6.571,-33.571,83.714,-17.286
Sweden,SWE,2021-04-24,-12.857,1.143,6.714,-34,75.857,-17.429
Sweden,SWE,2021-04-25,-12.857,1.143,7,-35.143,62.429,-17.857
Sweden,SWE,2021-04-26,-13.143,1,7.143,-35.571,54.143,-17.857
Sweden,SWE,2021-04-27,-13,1,7.286,-35.857,48,-17.857
Sweden,SWE,2021-04-28,-12.429,1.429,7.143,-35.571,50.286,-17.857
Sweden,SWE,2021-04-29,-11,2.714,6.857,-34.714,56.571,-17.714
Sweden,SWE,2021-04-30,-11.286,2.714,6.714,-34.286,64.571,-18.143
Sweden,SWE,2021-05-01,-12.857,1.714,6.571,-34,73.857,-19.143
Sweden,SWE,2021-05-02,-12.571,1.857,6.286,-33.286,81.286,-19
Sweden,SWE,2021-05-03,-12.571,1.857,6.286,-33.143,82.714,-19.143
Sweden,SWE,2021-05-04,-13.429,1.429,6.429,-33.571,76.143,-19.286
Sweden,SWE,2021-05-05,-14.714,0.571,6.714,-34.429,67.429,-19.429
Sweden,SWE,2021-05-06,-15.714,-0.286,6.857,-35,62.143,-19.571
Sweden,SWE,2021-05-07,-15.857,-0.714,7,-35.429,55,-19
Sweden,SWE,2021-05-08,-14.429,0.143,7,-35.143,51.857,-17.714
Sweden,SWE,2021-05-09,-15,-0.286,7.286,-36,44.429,-18
Sweden,SWE,2021-05-10,-14.857,-0.286,7.286,-35.857,48.143,-17.857
Sweden,SWE,2021-05-11,-13.857,0.429,7,-35.143,59.143,-17.571
Sweden,SWE,2021-05-12,-10.571,3.571,6.143,-33,81.571,-17.571
Sweden,SWE,2021-05-13,-11,3.286,7,-34,116.857,-24.857
Sweden,SWE,2021-05-14,-10.143,3.429,7.571,-34.714,130.857,-29.571
Sweden,SWE,2021-05-15,-10.571,3.286,7.571,-35.429,128.714,-30.571
Sweden,SWE,2021-05-16,-10,3.571,7,-34.143,135.143,-30
Sweden,SWE,2021-05-17,-10,4.143,6.857,-34,134.143,-29.857
Sweden,SWE,2021-05-18,-9.857,4.286,6.714,-33.714,136.286,-29.571
Sweden,SWE,2021-05-19,-11.429,2.429,7,-34.429,129.286,-29
Sweden,SWE,2021-05-20,-9.429,4.143,5.857,-32.857,105,-21.143
Sweden,SWE,2021-05-21,-9.571,4.714,5,-31.714,95.857,-16
Sweden,SWE,2021-05-22,-9.143,5.571,4.857,-31.286,96.429,-14.571
Sweden,SWE,2021-05-23,-9.571,5.714,5.286,-32.429,90.714,-14.571
Sweden,SWE,2021-05-24,-9.143,5.571,5.286,-32.571,91.571,-14.286
Sweden,SWE,2021-05-25,-8.714,6.143,5.429,-33.143,82,-14.286
Sweden,SWE,2021-05-26,-9,6,5.714,-34.143,69.857,-14.286
Sweden,SWE,2021-05-27,-8.714,6,5.714,-34.286,63.714,-14.143
Sweden,SWE,2021-05-28,-7.571,6.571,5.429,-33.571,71.286,-13.857
Sweden,SWE,2021-05-29,-5.714,7.571,5,-31.429,88.143,-13
Sweden,SWE,2021-05-30,-2.429,10.286,4.143,-28.571,111.714,-11.429
Sweden,SWE,2021-05-31,-1.143,11.286,4,-28,118.857,-11.143
Sweden,SWE,2021-06-01,-0.143,11.571,3.714,-27.143,132,-10.857
Sweden,SWE,2021-06-02,1.571,12.571,3.286,-25.857,150.429,-10.571
Sweden,SWE,2021-06-03,2.571,13,3,-24.857,167.286,-10.429
Sweden,SWE,2021-06-04,2.857,12.857,2.857,-24.429,175.571,-10.571
Sweden,SWE,2021-06-05,2.571,12.571,2.714,-24.143,182.429,-10.857
Sweden,SWE,2021-06-06,2,11.857,2.714,-24.143,186.714,-11.571
Sweden,SWE,2021-06-07,2.429,12.429,2.571,-24,187.571,-11.714
Sweden,SWE,2021-06-08,2.857,12.857,2.571,-23.857,190.714,-11.857
Sweden,SWE,2021-06-09,3.429,13.286,2.429,-23.571,192,-12
Sweden,SWE,2021-06-10,4.286,13.857,2.286,-23.143,195.143,-12.286
Sweden,SWE,2021-06-11,4.143,13.714,2.286,-23.286,192.571,-13.143
Sweden,SWE,2021-06-12,3.571,13.286,2.571,-24.714,173.857,-13.429
Sweden,SWE,2021-06-13,3.286,12.714,2.714,-25,166.143,-13.286
Sweden,SWE,2021-06-14,2.857,12.429,2.857,-25.571,161.429,-14.286
Sweden,SWE,2021-06-15,2.571,12,2.857,-25.857,161.143,-15.143
Sweden,SWE,2021-06-16,2.286,11.571,3,-26.286,164,-16.143
Sweden,SWE,2021-06-17,1.429,11,3,-26.857,167.286,-17.286
Sweden,SWE,2021-06-18,0.857,10.857,3.143,-27.143,173.429,-18.143
Sweden,SWE,2021-06-19,0.714,11.143,2.857,-26.143,190.286,-18.429
Sweden,SWE,2021-06-20,0.286,11.143,2.714,-26.286,192.429,-18.857
Sweden,SWE,2021-06-21,1,11.571,2.714,-26.143,198.429,-19.714
Sweden,SWE,2021-06-22,1.714,12.429,2.714,-26.429,198.714,-20.571
Sweden,SWE,2021-06-23,2.286,14,2.571,-26.571,193.857,-21.286
Sweden,SWE,2021-06-24,4.714,18.571,2.286,-26.286,195.714,-22.571
Sweden,SWE,2021-06-25,-2.286,14.571,3.143,-29.286,196.714,-29.714
Sweden,SWE,2021-06-26,-6.571,10.857,3.286,-31,195.571,-33.286
Sweden,SWE,2021-06-27,-5.143,10.857,3,-31.143,192.429,-33.714
Sweden,SWE,2021-06-28,-3.857,11.286,2.714,-30.714,205.714,-34.429
Sweden,SWE,2021-06-29,-4,10.714,2.571,-30.571,217.857,-35.286
Sweden,SWE,2021-06-30,-3.857,9,2.571,-30.857,221,-36.143
Sweden,SWE,2021-07-01,-5.429,4.571,3.143,-31.429,215.429,-36.143
Sweden,SWE,2021-07-02,2.429,8.714,2.286,-28.429,216.143,-30
Sweden,SWE,2021-07-03,7.429,12,1.857,-25.429,226.571,-26.571
Sweden,SWE,2021-07-04,7.286,12.429,2,-24.429,239.714,-26.286
Sweden,SWE,2021-07-05,7,12.429,2.286,-24.714,240.286,-27.143
Sweden,SWE,2021-07-06,7.714,12.714,2.571,-24.714,243.429,-27.857
Sweden,SWE,2021-07-07,8,13.286,3,-24.714,248.857,-28.714
Sweden,SWE,2021-07-08,8,13.286,2.857,-24.429,263.143,-29.571
Sweden,SWE,2021-07-09,7.857,13,3,-24.714,262.571,-30.429
Sweden,SWE,2021-07-10,8.143,13.286,3.429,-26.143,243.857,-31
Sweden,SWE,2021-07-11,8.143,13.286,3.429,-26,242.571,-31
Sweden,SWE,2021-07-12,8.286,13.571,3.429,-25.857,260.429,-32.429
Sweden,SWE,2021-07-13,7.857,13.714,3.429,-25.857,280.143,-34.143
Sweden,SWE,2021-07-14,7.571,13.714,3.143,-25.571,307.857,-35.714
Sweden,SWE,2021-07-15,7.286,13.857,3.286,-25.857,321.857,-37.286
Sweden,SWE,2021-07-16,7.143,13.857,3.286,-25.857,335.857,-38.714
Sweden,SWE,2021-07-17,6.571,13.429,2.714,-24.429,361.143,-38.571
Sweden,SWE,2021-07-18,7,13.429,2.714,-24.286,361.143,-38.857
Sweden,SWE,2021-07-19,8.286,14.143,2.857,-24.429,358.286,-39.714
Sweden,SWE,2021-07-20,9.857,14.571,3,-24.571,354.143,-40.571
Sweden,SWE,2021-07-21,10.714,14.714,3.286,-24.714,352.429,-41.286
Sweden,SWE,2021-07-22,11.429,14.714,3.429,-24.857,353.857,-42.143
Sweden,SWE,2021-07-23,12.143,15,3.571,-24.857,356.286,-42.857
Sweden,SWE,2021-07-24,12.714,15,3.571,-24.714,356.143,-42.714
Sweden,SWE,2021-07-25,12.857,15.143,3.286,-24.286,366.857,-42.571
Sweden,SWE,2021-07-26,12.571,14.857,3.429,-24.429,367.286,-42.714
Sweden,SWE,2021-07-27,12.286,14.857,3.714,-24.714,362.714,-42.714
Sweden,SWE,2021-07-28,12.714,15,4,-25.143,350.714,-42.857
Sweden,SWE,2021-07-29,13.143,15,4.429,-25.714,329.571,-43
Sweden,SWE,2021-07-30,12.857,14.571,4.857,-26.429,309.571,-43.143
Sweden,SWE,2021-07-31,13,14.286,5.429,-27.429,287.143,-43.286
Sweden,SWE,2021-08-01,13.143,13.857,6,-28.286,268.286,-43.429
Sweden,SWE,2021-08-02,12.714,13.286,6.286,-28.571,251.286,-43
Sweden,SWE,2021-08-03,12.429,12.571,6.143,-28.286,248.429,-42.429
Sweden,SWE,2021-08-04,12.143,12.286,5.857,-27.714,253,-41.857
Sweden,SWE,2021-08-05,11.857,12.143,5.429,-26.857,266.143,-41.143
Sweden,SWE,2021-08-06,11.286,11.857,5.286,-26.286,273.571,-40.429
Sweden,SWE,2021-08-07,10.714,11.857,5.286,-27,270.429,-40.571
Sweden,SWE,2021-08-08,9.857,11.857,5.429,-27.571,261.714,-40.429
Sweden,SWE,2021-08-09,9.286,11.571,5.143,-27.286,256,-38.571
Sweden,SWE,2021-08-10,8.429,11.286,5.143,-27.286,239.429,-36.714
Sweden,SWE,2021-08-11,7.714,10.857,5.143,-27.143,225.714,-34.714
Sweden,SWE,2021-08-12,7.286,10.571,5,-26.857,214.286,-32.714
Sweden,SWE,2021-08-13,7.714,11,4.714,-26.571,207.857,-30.857
Sweden,SWE,2021-08-14,8.143,11.286,4.714,-26,206.286,-30.143
Sweden,SWE,2021-08-15,8,11.286,4.714,-25.714,205.857,-29.429
Sweden,SWE,2021-08-16,6.857,10.571,4.571,-25.571,195.714,-28
Sweden,SWE,2021-08-17,5.429,9.857,4.571,-25.714,178.857,-26.857
Sweden,SWE,2021-08-18,4.143,9.714,4.571,-25.714,159,-25.286
Sweden,SWE,2021-08-19,3.429,9.857,4.429,-25.429,143.143,-23.714
Sweden,SWE,2021-08-20,3.571,10.286,4.143,-24.714,135.857,-22.143
Sweden,SWE,2021-08-21,4.143,10.429,4,-24.143,141.143,-21.571
Sweden,SWE,2021-08-22,4.286,10.143,3.857,-23.714,147,-21.143
Sweden,SWE,2021-08-23,4.143,9.857,3.429,-22.571,152.714,-20.286
Sweden,SWE,2021-08-24,4.571,10,2.857,-21.286,162.571,-19.286
Sweden,SWE,2021-08-25,5.429,9.857,2.571,-20.571,161,-18.857
Sweden,SWE,2021-08-26,5.714,8.143,2.714,-20.429,149.714,-18.571
Sweden,SWE,2021-08-27,6.286,6.857,2.857,-20.143,140,-18.286
Sweden,SWE,2021-08-28,6.857,5.714,3.143,-20.571,126.714,-18.429
Sweden,SWE,2021-08-29,7.714,4.571,3.286,-20.286,119.143,-18.429
Sweden,SWE,2021-08-30,8.286,3.286,3.286,-19.857,116.571,-18.286
Sweden,SWE,2021-08-31,8.857,2,3.286,-19.429,115.857,-18.143
Sweden,SWE,2021-09-01,8.429,0.571,3.286,-19,119.429,-18
Sweden,SWE,2021-09-02,7.857,1.571,3.143,-19,126.714,-17.571
Sweden,SWE,2021-09-03,7.143,2.571,3,-19.143,132,-17
Sweden,SWE,2021-09-04,6.857,3.714,2.857,-18.714,141.286,-16.857
Sweden,SWE,2021-09-05,5.857,4.571,2.857,-19.286,142.286,-17.286
Sweden,SWE,2021-09-06,4.429,5.429,3,-20.143,135.571,-16.857
Sweden,SWE,2021-09-07,3.143,6.286,3.143,-20.857,128.429,-16.286
Sweden,SWE,2021-09-08,2.286,7,3.143,-21.429,127.429,-15.571
Sweden,SWE,2021-09-09,1.857,6.714,3,-21.286,129.143,-15
Sweden,SWE,2021-09-10,1.429,6.429,3,-21.286,128.571,-14.571
Sweden,SWE,2021-09-11,0.714,6.143,3.143,-22.286,120.143,-14.857
Sweden,SWE,2021-09-12,-0.143,5.857,3.429,-23.286,110.143,-15.286
Sweden,SWE,2021-09-13,-0.286,5.714,3.429,-23.143,110,-14.857
Sweden,SWE,2021-09-14,-0.429,5.571,3.286,-23.143,109,-14.571
Sweden,SWE,2021-09-15,-0.714,5.429,3.143,-23.143,105.714,-14.429
Sweden,SWE,2021-09-16,-1.714,4.714,3.286,-24,93.143,-14.571
Sweden,SWE,2021-09-17,-2,4.714,3.429,-24.714,83.429,-14.857
Sweden,SWE,2021-09-18,-2.143,4.571,3.429,-25,81.429,-15
Sweden,SWE,2021-09-19,-2.286,4.429,3.286,-25,82.571,-14.857
Sweden,SWE,2021-09-20,-2.286,4.429,3.286,-25.571,77.857,-15
Sweden,SWE,2021-09-21,-2.714,4.143,3.429,-26.286,70.143,-15
Sweden,SWE,2021-09-22,-2.857,3.857,3.571,-26.714,67.429,-14.714
Sweden,SWE,2021-09-23,-3,3.571,3.714,-27.143,64,-14.286
Sweden,SWE,2021-09-24,-2.143,3.857,3.571,-26.857,64.286,-13.857
Sweden,SWE,2021-09-25,-0.714,4.143,3.286,-25.857,69,-13.429
Sweden,SWE,2021-09-26,0.571,4.429,3,-24.857,76.143,-13
Sweden,SWE,2021-09-27,0.857,4.286,2.857,-24.714,77.714,-12.571
Sweden,SWE,2021-09-28,1.143,4.286,2.857,-24.429,78.429,-12.429
Sweden,SWE,2021-09-29,1.143,4,2.714,-24.714,74.571,-12.714
Sweden,SWE,2021-09-30,1.857,4.286,2.571,-24.429,76.143,-12.857
Sweden,SWE,2021-10-01,1.143,3.429,2.571,-24.857,73,-13
Sweden,SWE,2021-10-02,0.429,3,2.857,-26,62.286,-13.857
Sweden,SWE,2021-10-03,-0.857,2.286,3.286,-27.571,48.286,-15.286
Sweden,SWE,2021-10-04,-1.857,2,3.429,-28,43.857,-15.429
Sweden,SWE,2021-10-05,-2.429,1.429,3.286,-28.286,41.857,-15.429
Sweden,SWE,2021-10-06,-2.714,1.429,3.429,-28.429,40.857,-15.143
Sweden,SWE,2021-10-07,-2.714,1.429,3.286,-28.143,44.714,-14.857
Sweden,SWE,2021-10-08,-2.714,1.429,3.143,-27.857,48.857,-14.714
Sweden,SWE,2021-10-09,-3.143,1.286,3.143,-27.571,53.571,-14.714
Sweden,SWE,2021-10-10,-3.286,1.429,3,-27.143,57.857,-14.571
Sweden,SWE,2021-10-11,-3.571,1,3,-27.286,58.143,-14.571
Sweden,SWE,2021-10-12,-3.286,1.143,3,-27.286,60.286,-14.429
Sweden,SWE,2021-10-13,-3.286,0.857,2.857,-27.286,63,-14.429
Sweden,SWE,2021-10-14,-3.857,0.571,3,-27.714,58.857,-14.429
Sweden,SWE,2021-10-15,-4.286,0.429,3.286,-28,53.857,-14.429
Sweden,SWE,2021-10-16,-4.571,0.286,3.286,-28.429,49.857,-14.571
Sweden,SWE,2021-10-17,-4.571,0.143,3.429,-28.286,51,-14.714
Sweden,SWE,2021-10-18,-4.143,0.143,3.429,-28.143,50.571,-14.571
Sweden,SWE,2021-10-19,-4.429,0.143,3.571,-28.429,45.143,-14.571
Sweden,SWE,2021-10-20,-4.571,0.429,3.714,-28.429,39.286,-14.571
Sweden,SWE,2021-10-21,-4.571,0.429,3.714,-28.286,37.429,-14.429
Sweden,SWE,2021-10-22,-4.143,0.714,3.571,-28.143,37.857,-14.286
Sweden,SWE,2021-10-23,-3.714,1,3.571,-28,38.286,-14.143
Sweden,SWE,2021-10-24,-4,0.857,3.714,-28.571,32.286,-14.286
Sweden,SWE,2021-10-25,-3.286,1.571,3.714,-28.429,30.714,-14.143
Sweden,SWE,2021-10-26,-2.429,2.143,3.571,-28,32.571,-13.857
Sweden,SWE,2021-10-27,-1.571,2.429,3.429,-27.714,32,-13.571
Sweden,SWE,2021-10-28,-0.286,3.286,3.286,-27.286,32.857,-13.429
Sweden,SWE,2021-10-29,0.429,3.571,3.143,-26.857,33.571,-13.286
Sweden,SWE,2021-10-30,1,3.714,3,-26.286,32,-13.429
Sweden,SWE,2021-10-31,2.286,4.714,2.714,-25.429,35.857,-13.429
Sweden,SWE,2021-11-01,2.571,4.286,2.857,-25.714,36,-14.571
Sweden,SWE,2021-11-02,2.857,4,3,-26,35.714,-15.714
Sweden,SWE,2021-11-03,3,3.857,3.143,-26.429,37.714,-17
Sweden,SWE,2021-11-04,3.286,3.571,3.286,-26.857,40.429,-18.714
Sweden,SWE,2021-11-05,3.286,3.286,3.714,-27.571,41.143,-20.857
Sweden,SWE,2021-11-06,1.857,2.714,3.857,-27.571,41,-22
Sweden,SWE,2021-11-07,0.571,1.714,4,-28.286,33.714,-22.714
Sweden,SWE,2021-11-08,-0.571,1.286,3.857,-28,31.429,-21.429
Sweden,SWE,2021-11-09,-2.286,0.429,3.857,-28,26.429,-20.286
Sweden,SWE,2021-11-10,-3.143,0.286,3.714,-27.571,25.286,-18.857
Sweden,SWE,2021-11-11,-4.429,-0.286,3.714,-27.429,21.143,-17
Sweden,SWE,2021-11-12,-5.286,-0.429,3.571,-27,18.429,-14.714
Sweden,SWE,2021-11-13,-4.571,0.143,3.714,-28,14.429,-13.857
Sweden,SWE,2021-11-14,-4.286,0.857,3.714,-27.857,17.571,-13.286
Sweden,SWE,2021-11-15,-4.571,0.571,3.714,-28,17.429,-13.286
Sweden,SWE,2021-11-16,-4,1,3.714,-27.857,20,-13.143
Sweden,SWE,2021-11-17,-4.286,0.571,3.857,-28.143,18.286,-13.143
Sweden,SWE,2021-11-18,-4.286,0.714,3.857,-27.857,18.286,-13.143
Sweden,SWE,2021-11-19,-4,0.857,3.857,-27.857,16.429,-13.143
Sweden,SWE,2021-11-20,-3.857,0.571,4,-27.714,15.714,-13.143
Sweden,SWE,2021-11-21,-3.571,0,4.143,-27.857,16.286,-13.286
Sweden,SWE,2021-11-22,-3,0.286,4.143,-27.714,15.571,-13.286
Sweden,SWE,2021-11-23,-2.429,0.571,4.143,-27.571,15.429,-13.429
Sweden,SWE,2021-11-24,-1.714,1,4.143,-27.286,16.143,-13.571
Sweden,SWE,2021-11-25,-0.286,1.857,4,-27.286,14.714,-13.714
Sweden,SWE,2021-11-26,1.286,2.286,3.857,-27.143,14.143,-14
Sweden,SWE,2021-11-27,2.286,2.857,3.714,-27,12.714,-13.857
Sweden,SWE,2021-11-28,4.286,4,3.571,-26.429,12,-13.429
Sweden,SWE,2021-11-29,4.857,4.571,3.714,-26.571,11.143,-13.571
Sweden,SWE,2021-11-30,4.714,4.714,3.857,-26.714,9.143,-13.857
Sweden,SWE,2021-12-01,4,4.714,4,-27,6.857,-14.143
Sweden,SWE,2021-12-02,2.286,3.857,4.429,-27.286,6.143,-14.571
Sweden,SWE,2021-12-03,0.143,3.143,4.714,-27.571,4.714,-14.857
Sweden,SWE,2021-12-04,-1.143,2.714,4.857,-27.571,6.429,-15.286
Sweden,SWE,2021-12-05,-3.571,1.714,5.143,-28.571,4.286,-16.143
Sweden,SWE,2021-12-06,-4.429,1.286,5.286,-28.714,3,-16.286
Sweden,SWE,2021-12-07,-4.857,1,5.286,-29,2.286,-16.143
Sweden,SWE,2021-12-08,-4.571,1.286,5.286,-29.286,2.571,-16
Sweden,SWE,2021-12-09,-4.286,1.714,5.143,-29.857,2.571,-15.714
Sweden,SWE,2021-12-10,-4.857,1.429,5.286,-30.571,1.857,-15.571
Sweden,SWE,2021-12-11,-5.429,1.429,5.429,-31.286,0.143,-15.286
Sweden,SWE,2021-12-12,-5.857,1.571,5.429,-31.429,0.143,-14.857
Sweden,SWE,2021-12-13,-5.571,2.143,5.429,-31.714,1,-14.714
Sweden,SWE,2021-12-14,-5,2.714,5.429,-32,2.286,-14.714
Sweden,SWE,2021-12-15,-4.429,3.143,5.429,-32.143,2.857,-14.714
Sweden,SWE,2021-12-16,-4,3.571,5.571,-32,4.286,-14.714
Sweden,SWE,2021-12-17,-3,4.286,5.571,-31.857,5.857,-14.571
Sweden,SWE,2021-12-18,-2.714,4.857,5.571,-32,5.429,-14.857
Sweden,SWE,2021-12-19,-2.143,5.143,5.714,-32.286,5.857,-14.714
Sweden,SWE,2021-12-20,0.143,7.143,5.714,-32.429,5.857,-15.571
Sweden,SWE,2021-12-21,2.143,9.429,5.857,-32.571,5.286,-16.571
Sweden,SWE,2021-12-22,4.429,12.714,6.143,-32.857,4.429,-18.857
Sweden,SWE,2021-12-23,6,16.857,6.857,-34.286,2.286,-24.286
Sweden,SWE,2021-12-24,-4,9.429,8.286,-39,-1.571,-33.714
Sweden,SWE,2021-12-25,-12.286,3.143,8.571,-42.571,-3.286,-38.857
Sweden,SWE,2021-12-26,-13.857,1,8.286,-43.429,-2.857,-41.143
Sweden,SWE,2021-12-27,-15.286,-1.286,9.286,-45.143,0,-46
Sweden,SWE,2021-12-28,-17.429,-4,10.429,-47,1,-50.429
Sweden,SWE,2021-12-29,-19.857,-6.714,11.286,-48.571,3.714,-53.571
Sweden,SWE,2021-12-30,-21.143,-8.143,11.714,-49.429,5.143,-54.286
Sweden,SWE,2021-12-31,-17.857,-3.571,12.143,-48.429,13.714,-53.714
Sweden,SWE,2022-01-01,-18.429,-4.714,12.429,-48,14.286,-53.714
Sweden,SWE,2022-01-02,-19.286,-4.286,12.857,-48.429,11.286,-52.714
Sweden,SWE,2022-01-03,-21.286,-4.571,12.714,-48.429,8.286,-50.714
Sweden,SWE,2022-01-04,-22.714,-4.714,12.429,-48.286,8.714,-49
Sweden,SWE,2022-01-05,-24.429,-5.571,12.286,-48.429,6.571,-47.571
Sweden,SWE,2022-01-06,-29.571,-11.571,13.429,-50.143,13.714,-50.143
Sweden,SWE,2022-01-07,-26.143,-10.571,13.143,-49.429,6.571,-46.571
Sweden,SWE,2022-01-08,-21.286,-6,13.143,-48.571,4.857,-42.857
Sweden,SWE,2022-01-09,-22.571,-6.429,13.286,-48.857,4.857,-42.429
Sweden,SWE,2022-01-10,-23.571,-6.857,13,-48.429,4.857,-40.429
Sweden,SWE,2022-01-11,-24.857,-7.429,12.571,-48,2.857,-38.143
Sweden,SWE,2022-01-12,-26.429,-8.857,12.286,-47.571,1.714,-35.571
Sweden,SWE,2022-01-13,-24.857,-7.429,10.714,-45.286,-7,-28.429
Sweden,SWE,2022-01-14,-24.714,-6.857,9.857,-44.143,-6,-24.429
Sweden,SWE,2022-01-15,-23.857,-5.714,9.714,-44,-2,-23.857
Sweden,SWE,2022-01-16,-24,-5.714,9.714,-44.429,-2.571,-24.143
